-- phpMyAdmin SQL Dump
-- version 4.8.5
-- https://www.phpmyadmin.net/
--
-- Host: 127.0.0.1
-- Generation Time: Jul 28, 2019 at 10:22 AM
-- Server version: 10.1.38-MariaDB
-- PHP Version: 7.3.4

SET SQL_MODE = "NO_AUTO_VALUE_ON_ZERO";
SET AUTOCOMMIT = 0;
START TRANSACTION;
SET time_zone = "+00:00";


/*!40101 SET @OLD_CHARACTER_SET_CLIENT=@@CHARACTER_SET_CLIENT */;
/*!40101 SET @OLD_CHARACTER_SET_RESULTS=@@CHARACTER_SET_RESULTS */;
/*!40101 SET @OLD_COLLATION_CONNECTION=@@COLLATION_CONNECTION */;
/*!40101 SET NAMES utf8mb4 */;

--
-- Database: `myschool`
--

-- --------------------------------------------------------

--
-- Table structure for table `academic_syllabus`
--

CREATE TABLE `academic_syllabus` (
  `academic_syllabus_id` int(11) NOT NULL,
  `academic_syllabus_code` longtext COLLATE utf8_unicode_ci,
  `title` longtext COLLATE utf8_unicode_ci,
  `description` longtext COLLATE utf8_unicode_ci,
  `class_id` int(11) DEFAULT NULL,
  `uploader_type` longtext COLLATE utf8_unicode_ci,
  `uploader_id` int(11) DEFAULT NULL,
  `year` longtext COLLATE utf8_unicode_ci,
  `timestamp` longtext COLLATE utf8_unicode_ci,
  `file_name` longtext COLLATE utf8_unicode_ci,
  `subject_id` int(11) DEFAULT NULL
) ENGINE=InnoDB DEFAULT CHARSET=utf8 COLLATE=utf8_unicode_ci;

-- --------------------------------------------------------

--
-- Table structure for table `accountant`
--

CREATE TABLE `accountant` (
  `accountant_id` int(11) NOT NULL,
  `name` longtext COLLATE utf8_unicode_ci,
  `email` longtext COLLATE utf8_unicode_ci,
  `password` longtext COLLATE utf8_unicode_ci
) ENGINE=InnoDB DEFAULT CHARSET=utf8 COLLATE=utf8_unicode_ci;

-- --------------------------------------------------------

--
-- Table structure for table `admin`
--

CREATE TABLE `admin` (
  `admin_id` int(11) NOT NULL,
  `name` longtext COLLATE utf8_unicode_ci,
  `email` longtext COLLATE utf8_unicode_ci,
  `password` longtext COLLATE utf8_unicode_ci,
  `level` longtext COLLATE utf8_unicode_ci,
  `authentication_key` longtext COLLATE utf8_unicode_ci,
  `phone` longtext COLLATE utf8_unicode_ci,
  `address` longtext COLLATE utf8_unicode_ci
) ENGINE=InnoDB DEFAULT CHARSET=utf8 COLLATE=utf8_unicode_ci;

--
-- Dumping data for table `admin`
--

INSERT INTO `admin` (`admin_id`, `name`, `email`, `password`, `level`, `authentication_key`, `phone`, `address`) VALUES
(1, 'Imran', 'imran@imran.xyz', '7c222fb2927d828af22f592134e8932480637c0d', NULL, NULL, NULL, NULL);

-- --------------------------------------------------------

--
-- Table structure for table `attendance`
--

CREATE TABLE `attendance` (
  `attendance_id` int(11) NOT NULL,
  `timestamp` longtext COLLATE utf8_unicode_ci,
  `year` longtext COLLATE utf8_unicode_ci,
  `class_id` int(11) DEFAULT NULL,
  `section_id` int(11) DEFAULT NULL,
  `student_id` int(11) DEFAULT NULL,
  `class_routine_id` int(11) DEFAULT NULL,
  `status` int(11) DEFAULT NULL
) ENGINE=InnoDB DEFAULT CHARSET=utf8 COLLATE=utf8_unicode_ci;

-- --------------------------------------------------------

--
-- Table structure for table `book`
--

CREATE TABLE `book` (
  `book_id` int(11) NOT NULL,
  `name` longtext COLLATE utf8_unicode_ci,
  `description` longtext COLLATE utf8_unicode_ci,
  `author` longtext COLLATE utf8_unicode_ci,
  `class_id` longtext COLLATE utf8_unicode_ci,
  `price` longtext COLLATE utf8_unicode_ci,
  `total_copies` int(11) DEFAULT NULL,
  `issued_copies` int(11) DEFAULT NULL,
  `status` longtext COLLATE utf8_unicode_ci,
  `file_name` longtext COLLATE utf8_unicode_ci
) ENGINE=InnoDB DEFAULT CHARSET=utf8 COLLATE=utf8_unicode_ci;

-- --------------------------------------------------------

--
-- Table structure for table `book_request`
--

CREATE TABLE `book_request` (
  `book_request_id` int(11) NOT NULL,
  `book_id` int(11) DEFAULT NULL,
  `student_id` int(11) DEFAULT NULL,
  `issue_start_date` longtext COLLATE utf8_unicode_ci,
  `issue_end_date` longtext COLLATE utf8_unicode_ci,
  `status` int(11) DEFAULT NULL
) ENGINE=InnoDB DEFAULT CHARSET=utf8 COLLATE=utf8_unicode_ci;

-- --------------------------------------------------------

--
-- Table structure for table `ci_sessions`
--

CREATE TABLE `ci_sessions` (
  `id` varchar(40) COLLATE utf8_unicode_ci NOT NULL,
  `ip_address` varchar(45) COLLATE utf8_unicode_ci NOT NULL,
  `timestamp` int(10) UNSIGNED NOT NULL DEFAULT '0',
  `data` blob NOT NULL
) ENGINE=InnoDB DEFAULT CHARSET=utf8 COLLATE=utf8_unicode_ci;

--
-- Dumping data for table `ci_sessions`
--

INSERT INTO `ci_sessions` (`id`, `ip_address`, `timestamp`, `data`) VALUES
('1pm6r43rkkqcqqtkrph3jv8mrh26ulrn', '::1', 1564301433, 0x5f5f63695f6c6173745f726567656e65726174657c693a313536343330313433333b),
('5v3bkv8fs9e3saiq7k3374oc5u2n4k21', '::1', 1564302061, 0x5f5f63695f6c6173745f726567656e65726174657c693a313536343330323035343b61646d696e5f6c6f67696e7c733a313a2231223b61646d696e5f69647c733a313a2231223b6c6f67696e5f757365725f69647c733a313a2231223b6e616d657c733a353a22496d72616e223b6c6f67696e5f747970657c733a353a2261646d696e223b),
('mino2o8rga5n1h1ifeqa79lq7dl8vc5s', '::1', 1564302054, 0x5f5f63695f6c6173745f726567656e65726174657c693a313536343330323035343b61646d696e5f6c6f67696e7c733a313a2231223b61646d696e5f69647c733a313a2231223b6c6f67696e5f757365725f69647c733a313a2231223b6e616d657c733a353a22496d72616e223b6c6f67696e5f747970657c733a353a2261646d696e223b),
('utsa3t093q50jcntgfvooq8riivn0c4m', '::1', 1564301749, 0x5f5f63695f6c6173745f726567656e65726174657c693a313536343330313734393b61646d696e5f6c6f67696e7c733a313a2231223b61646d696e5f69647c733a313a2231223b6c6f67696e5f757365725f69647c733a313a2231223b6e616d657c733a353a22496d72616e223b6c6f67696e5f747970657c733a353a2261646d696e223b);

-- --------------------------------------------------------

--
-- Table structure for table `class`
--

CREATE TABLE `class` (
  `class_id` int(11) NOT NULL,
  `name` varchar(11) COLLATE utf8_unicode_ci DEFAULT '',
  `name_numeric` varchar(3) COLLATE utf8_unicode_ci DEFAULT '',
  `teacher_id` int(11) DEFAULT NULL
) ENGINE=InnoDB DEFAULT CHARSET=utf8 COLLATE=utf8_unicode_ci;

-- --------------------------------------------------------

--
-- Table structure for table `class_routine`
--

CREATE TABLE `class_routine` (
  `class_routine_id` int(11) NOT NULL,
  `class_id` int(11) DEFAULT NULL,
  `section_id` int(11) DEFAULT NULL,
  `subject_id` int(11) DEFAULT NULL,
  `time_start` int(11) DEFAULT NULL,
  `time_end` int(11) DEFAULT NULL,
  `time_start_min` int(11) DEFAULT NULL,
  `time_end_min` int(11) DEFAULT NULL,
  `day` longtext COLLATE utf8_unicode_ci,
  `year` longtext COLLATE utf8_unicode_ci
) ENGINE=InnoDB DEFAULT CHARSET=utf8 COLLATE=utf8_unicode_ci;

-- --------------------------------------------------------

--
-- Table structure for table `document`
--

CREATE TABLE `document` (
  `document_id` int(11) NOT NULL,
  `title` longtext COLLATE utf8_unicode_ci,
  `description` longtext COLLATE utf8_unicode_ci,
  `file_name` longtext COLLATE utf8_unicode_ci,
  `file_type` longtext COLLATE utf8_unicode_ci,
  `class_id` longtext COLLATE utf8_unicode_ci,
  `teacher_id` int(11) DEFAULT NULL,
  `timestamp` longtext COLLATE utf8_unicode_ci,
  `subject_id` int(11) DEFAULT NULL
) ENGINE=MyISAM DEFAULT CHARSET=utf8 COLLATE=utf8_unicode_ci;

-- --------------------------------------------------------

--
-- Table structure for table `dormitory`
--

CREATE TABLE `dormitory` (
  `dormitory_id` int(11) NOT NULL,
  `name` longtext COLLATE utf8_unicode_ci,
  `number_of_room` longtext COLLATE utf8_unicode_ci,
  `description` longtext COLLATE utf8_unicode_ci
) ENGINE=MyISAM DEFAULT CHARSET=utf8 COLLATE=utf8_unicode_ci;

-- --------------------------------------------------------

--
-- Table structure for table `enroll`
--

CREATE TABLE `enroll` (
  `enroll_id` int(11) NOT NULL,
  `enroll_code` longtext COLLATE utf8_unicode_ci,
  `student_id` int(11) DEFAULT NULL,
  `class_id` int(11) DEFAULT NULL,
  `section_id` int(11) DEFAULT NULL,
  `roll` int(11) DEFAULT NULL,
  `date_added` longtext COLLATE utf8_unicode_ci,
  `year` longtext COLLATE utf8_unicode_ci
) ENGINE=InnoDB DEFAULT CHARSET=utf8 COLLATE=utf8_unicode_ci;

-- --------------------------------------------------------

--
-- Table structure for table `exam`
--

CREATE TABLE `exam` (
  `exam_id` int(11) NOT NULL,
  `name` longtext COLLATE utf8_unicode_ci,
  `date` longtext COLLATE utf8_unicode_ci,
  `year` longtext COLLATE utf8_unicode_ci,
  `comment` longtext COLLATE utf8_unicode_ci
) ENGINE=InnoDB DEFAULT CHARSET=utf8 COLLATE=utf8_unicode_ci;

-- --------------------------------------------------------

--
-- Table structure for table `expense_category`
--

CREATE TABLE `expense_category` (
  `expense_category_id` int(11) NOT NULL,
  `name` longtext COLLATE utf8_unicode_ci
) ENGINE=InnoDB DEFAULT CHARSET=utf8 COLLATE=utf8_unicode_ci;

-- --------------------------------------------------------

--
-- Table structure for table `frontend_events`
--

CREATE TABLE `frontend_events` (
  `frontend_events_id` int(11) NOT NULL,
  `title` text,
  `timestamp` int(11) DEFAULT NULL,
  `status` int(11) NOT NULL DEFAULT '0'
) ENGINE=InnoDB DEFAULT CHARSET=utf8;

-- --------------------------------------------------------

--
-- Table structure for table `frontend_gallery`
--

CREATE TABLE `frontend_gallery` (
  `frontend_gallery_id` int(11) NOT NULL,
  `title` text,
  `description` longtext,
  `date_added` int(11) DEFAULT NULL,
  `image` text,
  `show_on_website` int(11) NOT NULL DEFAULT '0'
) ENGINE=InnoDB DEFAULT CHARSET=utf8;

-- --------------------------------------------------------

--
-- Table structure for table `frontend_gallery_image`
--

CREATE TABLE `frontend_gallery_image` (
  `frontend_gallery_image_id` int(11) NOT NULL,
  `frontend_gallery_id` int(11) DEFAULT NULL,
  `title` text,
  `image` text
) ENGINE=InnoDB DEFAULT CHARSET=utf8;

-- --------------------------------------------------------

--
-- Table structure for table `frontend_general_settings`
--

CREATE TABLE `frontend_general_settings` (
  `frontend_general_settings_id` int(11) NOT NULL,
  `type` varchar(255) DEFAULT NULL,
  `description` longtext
) ENGINE=InnoDB DEFAULT CHARSET=utf8;

--
-- Dumping data for table `frontend_general_settings`
--

INSERT INTO `frontend_general_settings` (`frontend_general_settings_id`, `type`, `description`) VALUES
(1, 'about_us', ''),
(2, 'terms_conditions', ''),
(3, 'privacy_policy', ''),
(4, 'social_links', '[{\"facebook\":\"http:\\/\\/facebook.com\",\"twitter\":\"http:\\/\\/twitter.com\",\"linkedin\":\"http:\\/\\/linkedin.com\",\"google\":\"http:\\/\\/google.com\",\"youtube\":\"http:\\/\\/youtube.com\",\"instagram\":\"http:\\/\\/instagram.com\"}]'),
(5, 'school_title', 'Chenab College Jhang'),
(6, 'school_logo', ''),
(7, 'school_location', ''),
(8, 'address', ''),
(9, 'phone', ''),
(10, 'email', 'info@chenab.edu.pk'),
(11, 'fax', ''),
(12, 'header_logo', 'header_22.jpg'),
(13, 'footer_logo', 'footer_22.jpg'),
(14, 'copyright_text', ''),
(15, 'about_us_image', 'about_us_11.jpg'),
(16, 'slider_images', '[{\"title\":\"We rock the big stage\",\"description\":\"There are many variations of passages of Lorem Ipsum available, but the majority have suffered alteration in some form, by injected \",\"image\":\"1.jpg\"},{\"title\":\"Making this the first true generator on the Internet\",\"description\":\"There are many variations of passages of Lorem Ipsum available, but the majority have suffered alteration in some form, by injected \",\"image\":\"2.jpg\"},{\"title\":\"There are many variations of passages of Lorem Ipsum\",\"description\":\"There are many variations of passages of Lorem Ipsum available, but the majority have suffered alteration in some form, by injected \",\"image\":\"3.jpg\"}]'),
(17, 'theme', 'ultimate'),
(18, 'homepage_note_title', ''),
(19, 'homepage_note_description', ''),
(20, 'recaptcha_site_key', '');

-- --------------------------------------------------------

--
-- Table structure for table `frontend_news`
--

CREATE TABLE `frontend_news` (
  `frontend_news_id` int(11) NOT NULL,
  `title` text COLLATE utf8_unicode_ci,
  `description` longtext COLLATE utf8_unicode_ci,
  `date_added` int(11) DEFAULT NULL,
  `image` text COLLATE utf8_unicode_ci
) ENGINE=InnoDB DEFAULT CHARSET=utf8 COLLATE=utf8_unicode_ci;

-- --------------------------------------------------------

--
-- Table structure for table `grade`
--

CREATE TABLE `grade` (
  `grade_id` int(11) NOT NULL,
  `name` longtext COLLATE utf8_unicode_ci,
  `grade_point` longtext COLLATE utf8_unicode_ci,
  `mark_from` int(11) DEFAULT NULL,
  `mark_upto` int(11) DEFAULT NULL,
  `comment` longtext COLLATE utf8_unicode_ci
) ENGINE=InnoDB DEFAULT CHARSET=utf8 COLLATE=utf8_unicode_ci;

-- --------------------------------------------------------

--
-- Table structure for table `group_message`
--

CREATE TABLE `group_message` (
  `group_message_id` int(11) NOT NULL,
  `group_message_thread_code` longtext COLLATE utf8_unicode_ci,
  `sender` longtext COLLATE utf8_unicode_ci,
  `message` longtext COLLATE utf8_unicode_ci,
  `timestamp` longtext COLLATE utf8_unicode_ci,
  `read_status` int(11) DEFAULT NULL,
  `attached_file_name` longtext COLLATE utf8_unicode_ci
) ENGINE=InnoDB DEFAULT CHARSET=utf8 COLLATE=utf8_unicode_ci;

-- --------------------------------------------------------

--
-- Table structure for table `group_message_thread`
--

CREATE TABLE `group_message_thread` (
  `group_message_thread_id` int(11) NOT NULL,
  `group_message_thread_code` longtext COLLATE utf8_unicode_ci,
  `members` longtext COLLATE utf8_unicode_ci,
  `group_name` longtext COLLATE utf8_unicode_ci,
  `last_message_timestamp` longtext COLLATE utf8_unicode_ci,
  `created_timestamp` longtext COLLATE utf8_unicode_ci
) ENGINE=InnoDB DEFAULT CHARSET=utf8 COLLATE=utf8_unicode_ci;

-- --------------------------------------------------------

--
-- Table structure for table `invoice`
--

CREATE TABLE `invoice` (
  `invoice_id` int(11) NOT NULL,
  `student_id` int(11) DEFAULT NULL,
  `title` longtext COLLATE utf8_unicode_ci,
  `description` longtext COLLATE utf8_unicode_ci,
  `amount` int(11) DEFAULT NULL,
  `amount_paid` longtext COLLATE utf8_unicode_ci,
  `due` longtext COLLATE utf8_unicode_ci,
  `creation_timestamp` int(11) DEFAULT NULL,
  `payment_timestamp` longtext COLLATE utf8_unicode_ci,
  `payment_method` longtext COLLATE utf8_unicode_ci,
  `payment_details` longtext COLLATE utf8_unicode_ci,
  `status` longtext COLLATE utf8_unicode_ci,
  `year` longtext COLLATE utf8_unicode_ci
) ENGINE=MyISAM DEFAULT CHARSET=utf8 COLLATE=utf8_unicode_ci;

-- --------------------------------------------------------

--
-- Table structure for table `language`
--

CREATE TABLE `language` (
  `id` int(11) NOT NULL,
  `english` varchar(255) COLLATE utf8_unicode_ci NOT NULL,
  `bangali` varchar(255) COLLATE utf8_unicode_ci NOT NULL
) ENGINE=InnoDB DEFAULT CHARSET=utf8 COLLATE=utf8_unicode_ci;

-- --------------------------------------------------------

--
-- Table structure for table `librarian`
--

CREATE TABLE `librarian` (
  `librarian_id` int(11) NOT NULL,
  `name` longtext COLLATE utf8_unicode_ci,
  `email` longtext COLLATE utf8_unicode_ci,
  `password` longtext COLLATE utf8_unicode_ci
) ENGINE=InnoDB DEFAULT CHARSET=utf8 COLLATE=utf8_unicode_ci;

-- --------------------------------------------------------

--
-- Table structure for table `mark`
--

CREATE TABLE `mark` (
  `mark_id` int(11) NOT NULL,
  `student_id` int(11) DEFAULT NULL,
  `subject_id` int(11) DEFAULT NULL,
  `class_id` int(11) DEFAULT NULL,
  `section_id` int(11) DEFAULT NULL,
  `exam_id` int(11) DEFAULT NULL,
  `mark_obtained` int(11) DEFAULT NULL,
  `mark_total` int(11) DEFAULT NULL,
  `comment` longtext COLLATE utf8_unicode_ci,
  `year` longtext COLLATE utf8_unicode_ci
) ENGINE=InnoDB DEFAULT CHARSET=utf8 COLLATE=utf8_unicode_ci;

-- --------------------------------------------------------

--
-- Table structure for table `message`
--

CREATE TABLE `message` (
  `message_id` int(11) NOT NULL,
  `message_thread_code` longtext CHARACTER SET utf8 COLLATE utf8_unicode_ci,
  `message` longtext CHARACTER SET utf8 COLLATE utf8_unicode_ci,
  `sender` longtext CHARACTER SET utf8 COLLATE utf8_unicode_ci,
  `timestamp` longtext CHARACTER SET utf8 COLLATE utf8_unicode_ci,
  `read_status` int(11) DEFAULT NULL,
  `attached_file_name` longtext CHARACTER SET utf8 COLLATE utf8_unicode_ci
) ENGINE=MyISAM DEFAULT CHARSET=latin1;

-- --------------------------------------------------------

--
-- Table structure for table `message_thread`
--

CREATE TABLE `message_thread` (
  `message_thread_id` int(11) NOT NULL,
  `message_thread_code` longtext COLLATE utf8_unicode_ci,
  `sender` longtext COLLATE utf8_unicode_ci,
  `reciever` longtext COLLATE utf8_unicode_ci,
  `last_message_timestamp` longtext COLLATE utf8_unicode_ci
) ENGINE=InnoDB DEFAULT CHARSET=utf8 COLLATE=utf8_unicode_ci;

-- --------------------------------------------------------

--
-- Table structure for table `noticeboard`
--

CREATE TABLE `noticeboard` (
  `notice_id` int(11) NOT NULL,
  `notice_title` longtext COLLATE utf8_unicode_ci,
  `notice` longtext COLLATE utf8_unicode_ci,
  `create_timestamp` longtext COLLATE utf8_unicode_ci,
  `status` int(11) DEFAULT '1',
  `show_on_website` int(11) DEFAULT '0',
  `image` text COLLATE utf8_unicode_ci
) ENGINE=MyISAM DEFAULT CHARSET=utf8 COLLATE=utf8_unicode_ci;

-- --------------------------------------------------------

--
-- Table structure for table `online_exam`
--

CREATE TABLE `online_exam` (
  `online_exam_id` int(11) UNSIGNED NOT NULL,
  `code` varchar(255) COLLATE utf8_unicode_ci DEFAULT '',
  `title` text COLLATE utf8_unicode_ci,
  `class_id` int(11) DEFAULT NULL,
  `section_id` int(11) DEFAULT NULL,
  `subject_id` int(11) DEFAULT NULL,
  `exam_date` int(11) DEFAULT NULL,
  `time_start` varchar(255) COLLATE utf8_unicode_ci DEFAULT NULL,
  `time_end` varchar(255) COLLATE utf8_unicode_ci DEFAULT NULL,
  `duration` text COLLATE utf8_unicode_ci COMMENT 'duration in second',
  `minimum_percentage` text COLLATE utf8_unicode_ci,
  `instruction` longtext COLLATE utf8_unicode_ci,
  `status` varchar(255) COLLATE utf8_unicode_ci DEFAULT 'pending',
  `running_year` varchar(255) COLLATE utf8_unicode_ci DEFAULT ''
) ENGINE=InnoDB DEFAULT CHARSET=utf8 COLLATE=utf8_unicode_ci;

-- --------------------------------------------------------

--
-- Table structure for table `online_exam_result`
--

CREATE TABLE `online_exam_result` (
  `online_exam_result_id` int(11) UNSIGNED NOT NULL,
  `online_exam_id` int(11) DEFAULT NULL,
  `student_id` int(11) DEFAULT NULL,
  `answer_script` longtext COLLATE utf8_unicode_ci,
  `obtained_mark` text COLLATE utf8_unicode_ci,
  `status` text COLLATE utf8_unicode_ci,
  `exam_started_timestamp` longtext COLLATE utf8_unicode_ci,
  `result` text COLLATE utf8_unicode_ci
) ENGINE=InnoDB DEFAULT CHARSET=utf8 COLLATE=utf8_unicode_ci;

-- --------------------------------------------------------

--
-- Table structure for table `parent`
--

CREATE TABLE `parent` (
  `parent_id` int(11) NOT NULL,
  `name` longtext COLLATE utf8_unicode_ci,
  `email` longtext COLLATE utf8_unicode_ci,
  `password` longtext COLLATE utf8_unicode_ci,
  `phone` longtext COLLATE utf8_unicode_ci,
  `address` longtext COLLATE utf8_unicode_ci,
  `profession` longtext COLLATE utf8_unicode_ci,
  `authentication_key` longtext COLLATE utf8_unicode_ci
) ENGINE=MyISAM DEFAULT CHARSET=utf8 COLLATE=utf8_unicode_ci;

-- --------------------------------------------------------

--
-- Table structure for table `payment`
--

CREATE TABLE `payment` (
  `payment_id` int(11) NOT NULL,
  `expense_category_id` int(11) DEFAULT NULL,
  `title` longtext COLLATE utf8_unicode_ci,
  `payment_type` longtext COLLATE utf8_unicode_ci,
  `invoice_id` int(11) DEFAULT NULL,
  `student_id` int(11) DEFAULT NULL,
  `method` longtext COLLATE utf8_unicode_ci,
  `description` longtext COLLATE utf8_unicode_ci,
  `amount` longtext COLLATE utf8_unicode_ci,
  `timestamp` longtext COLLATE utf8_unicode_ci,
  `year` longtext COLLATE utf8_unicode_ci
) ENGINE=MyISAM DEFAULT CHARSET=utf8 COLLATE=utf8_unicode_ci;

-- --------------------------------------------------------

--
-- Table structure for table `question_bank`
--

CREATE TABLE `question_bank` (
  `question_bank_id` int(11) UNSIGNED NOT NULL,
  `online_exam_id` int(11) DEFAULT NULL,
  `question_title` longtext COLLATE utf8_unicode_ci,
  `type` varchar(255) COLLATE utf8_unicode_ci DEFAULT NULL,
  `number_of_options` int(11) DEFAULT NULL,
  `options` longtext COLLATE utf8_unicode_ci,
  `correct_answers` longtext COLLATE utf8_unicode_ci,
  `mark` varchar(255) COLLATE utf8_unicode_ci DEFAULT NULL
) ENGINE=InnoDB DEFAULT CHARSET=utf8 COLLATE=utf8_unicode_ci;

-- --------------------------------------------------------

--
-- Table structure for table `question_paper`
--

CREATE TABLE `question_paper` (
  `question_paper_id` int(11) NOT NULL,
  `title` longtext COLLATE utf8_unicode_ci,
  `question_paper` longtext COLLATE utf8_unicode_ci,
  `class_id` int(11) DEFAULT NULL,
  `exam_id` int(11) DEFAULT NULL,
  `teacher_id` int(11) DEFAULT NULL
) ENGINE=InnoDB DEFAULT CHARSET=utf8 COLLATE=utf8_unicode_ci;

-- --------------------------------------------------------

--
-- Table structure for table `section`
--

CREATE TABLE `section` (
  `section_id` int(11) NOT NULL,
  `name` longtext COLLATE utf8_unicode_ci,
  `nick_name` longtext COLLATE utf8_unicode_ci,
  `class_id` int(11) DEFAULT NULL,
  `teacher_id` int(11) DEFAULT NULL
) ENGINE=InnoDB DEFAULT CHARSET=utf8 COLLATE=utf8_unicode_ci;

-- --------------------------------------------------------

--
-- Table structure for table `settings`
--

CREATE TABLE `settings` (
  `settings_id` int(11) NOT NULL,
  `type` longtext,
  `description` longtext
) ENGINE=MyISAM DEFAULT CHARSET=latin1;

--
-- Dumping data for table `settings`
--

INSERT INTO `settings` (`settings_id`, `type`, `description`) VALUES
(1, 'system_name', 'Chenab College JHang'),
(2, 'system_title', 'I-Soft School Management System'),
(3, 'address', 'Address'),
(4, 'phone', '+923006519990'),
(5, 'paypal_email', NULL),
(6, 'currency', 'usd'),
(7, 'system_email', 'imran@imran.xyz'),
(20, 'active_sms_service', 'disabled'),
(11, 'language', 'english'),
(12, 'text_align', 'left-to-right'),
(13, 'clickatell_user', ''),
(14, 'clickatell_password', ''),
(15, 'clickatell_api_id', ''),
(16, 'skin_colour', 'default'),
(17, 'twilio_account_sid', ''),
(18, 'twilio_auth_token', ''),
(19, 'twilio_sender_phone_number', ''),
(21, 'running_year', '2019-2020'),
(22, 'payumoney_merchant_key', 'sad'),
(23, 'payumoney_salt_id', 'asd'),
(24, 'msg91_authentication_key', NULL),
(25, 'msg91_sender_ID', NULL),
(26, 'msg91_route', NULL),
(27, 'msg91_country_code', NULL),
(28, 'purchase_code', '12345688'),
(29, 'paypal', '[{\"active\":\"1\",\"mode\":\"sandbox\",\"sandbox_client_id\":\"AZDxjDScFpQtjWTOUtWKbyN_bDt4OgqaF4eYXlewfBP4-8aqX3PiV8e1GWU6liB2CUXlkA59kJXE7M6R\",\"production_client_id\":\"SomeId\"}]'),
(30, 'stripe_keys', '[{\"active\":\"0\",\"testmode\":\"on\",\"public_key\":\"pk_test_REDACTED\",\"secret_key\":\"sk_test_REDACTED\",\"public_live_key\":\"pk_live_REDACTED\",\"secret_live_key\":\"sk_live_REDACTED\"}]'),
(31, 'disable_frontend', '0'),
(32, 'protocol', 'smtp'),
(33, 'smtp_host', 'ssl://smtp.googlemail.com'),
(34, 'smtp_port', '465'),
(35, 'smtp_user', ''),
(36, 'smtp_pass', '');

-- --------------------------------------------------------

--
-- Table structure for table `student`
--

CREATE TABLE `student` (
  `student_id` int(11) NOT NULL,
  `student_code` longtext COLLATE utf8_unicode_ci,
  `name` longtext COLLATE utf8_unicode_ci,
  `birthday` longtext COLLATE utf8_unicode_ci,
  `sex` longtext COLLATE utf8_unicode_ci,
  `religion` longtext COLLATE utf8_unicode_ci,
  `blood_group` longtext COLLATE utf8_unicode_ci,
  `address` longtext COLLATE utf8_unicode_ci,
  `phone` longtext COLLATE utf8_unicode_ci,
  `email` longtext COLLATE utf8_unicode_ci,
  `password` longtext COLLATE utf8_unicode_ci,
  `parent_id` int(11) DEFAULT NULL,
  `dormitory_id` int(11) DEFAULT NULL,
  `transport_id` int(11) DEFAULT NULL,
  `dormitory_room_number` longtext COLLATE utf8_unicode_ci,
  `authentication_key` longtext COLLATE utf8_unicode_ci
) ENGINE=InnoDB DEFAULT CHARSET=utf8 COLLATE=utf8_unicode_ci;

-- --------------------------------------------------------

--
-- Table structure for table `subject`
--

CREATE TABLE `subject` (
  `subject_id` int(11) NOT NULL,
  `name` longtext COLLATE utf8_unicode_ci,
  `class_id` int(11) DEFAULT NULL,
  `teacher_id` int(11) DEFAULT NULL,
  `year` longtext COLLATE utf8_unicode_ci
) ENGINE=InnoDB DEFAULT CHARSET=utf8 COLLATE=utf8_unicode_ci;

-- --------------------------------------------------------

--
-- Table structure for table `teacher`
--

CREATE TABLE `teacher` (
  `teacher_id` int(11) NOT NULL,
  `name` longtext COLLATE utf8_unicode_ci,
  `birthday` longtext COLLATE utf8_unicode_ci,
  `sex` longtext COLLATE utf8_unicode_ci,
  `religion` longtext COLLATE utf8_unicode_ci,
  `blood_group` longtext COLLATE utf8_unicode_ci,
  `address` longtext COLLATE utf8_unicode_ci,
  `phone` longtext COLLATE utf8_unicode_ci,
  `email` longtext COLLATE utf8_unicode_ci,
  `password` longtext COLLATE utf8_unicode_ci,
  `authentication_key` longtext COLLATE utf8_unicode_ci,
  `designation` varchar(255) COLLATE utf8_unicode_ci DEFAULT NULL,
  `social_links` text COLLATE utf8_unicode_ci,
  `about` longtext COLLATE utf8_unicode_ci,
  `show_on_website` int(11) DEFAULT '0'
) ENGINE=InnoDB DEFAULT CHARSET=utf8 COLLATE=utf8_unicode_ci;

-- --------------------------------------------------------

--
-- Table structure for table `transport`
--

CREATE TABLE `transport` (
  `transport_id` int(11) NOT NULL,
  `route_name` longtext COLLATE utf8_unicode_ci,
  `number_of_vehicle` longtext COLLATE utf8_unicode_ci,
  `description` longtext COLLATE utf8_unicode_ci,
  `route_fare` longtext COLLATE utf8_unicode_ci
) ENGINE=MyISAM DEFAULT CHARSET=utf8 COLLATE=utf8_unicode_ci;

--
-- Indexes for dumped tables
--

--
-- Indexes for table `academic_syllabus`
--
ALTER TABLE `academic_syllabus`
  ADD PRIMARY KEY (`academic_syllabus_id`);

--
-- Indexes for table `accountant`
--
ALTER TABLE `accountant`
  ADD PRIMARY KEY (`accountant_id`);

--
-- Indexes for table `admin`
--
ALTER TABLE `admin`
  ADD PRIMARY KEY (`admin_id`);

--
-- Indexes for table `attendance`
--
ALTER TABLE `attendance`
  ADD PRIMARY KEY (`attendance_id`);

--
-- Indexes for table `book`
--
ALTER TABLE `book`
  ADD PRIMARY KEY (`book_id`);

--
-- Indexes for table `book_request`
--
ALTER TABLE `book_request`
  ADD PRIMARY KEY (`book_request_id`);

--
-- Indexes for table `ci_sessions`
--
ALTER TABLE `ci_sessions`
  ADD PRIMARY KEY (`id`),
  ADD KEY `ci_sessions_timestamp` (`timestamp`);

--
-- Indexes for table `class`
--
ALTER TABLE `class`
  ADD PRIMARY KEY (`class_id`);

--
-- Indexes for table `class_routine`
--
ALTER TABLE `class_routine`
  ADD PRIMARY KEY (`class_routine_id`);

--
-- Indexes for table `document`
--
ALTER TABLE `document`
  ADD PRIMARY KEY (`document_id`);

--
-- Indexes for table `dormitory`
--
ALTER TABLE `dormitory`
  ADD PRIMARY KEY (`dormitory_id`);

--
-- Indexes for table `enroll`
--
ALTER TABLE `enroll`
  ADD PRIMARY KEY (`enroll_id`);

--
-- Indexes for table `exam`
--
ALTER TABLE `exam`
  ADD PRIMARY KEY (`exam_id`);

--
-- Indexes for table `expense_category`
--
ALTER TABLE `expense_category`
  ADD PRIMARY KEY (`expense_category_id`);

--
-- Indexes for table `frontend_events`
--
ALTER TABLE `frontend_events`
  ADD PRIMARY KEY (`frontend_events_id`);

--
-- Indexes for table `frontend_gallery`
--
ALTER TABLE `frontend_gallery`
  ADD PRIMARY KEY (`frontend_gallery_id`);

--
-- Indexes for table `frontend_gallery_image`
--
ALTER TABLE `frontend_gallery_image`
  ADD PRIMARY KEY (`frontend_gallery_image_id`);

--
-- Indexes for table `frontend_general_settings`
--
ALTER TABLE `frontend_general_settings`
  ADD PRIMARY KEY (`frontend_general_settings_id`);

--
-- Indexes for table `frontend_news`
--
ALTER TABLE `frontend_news`
  ADD PRIMARY KEY (`frontend_news_id`);

--
-- Indexes for table `grade`
--
ALTER TABLE `grade`
  ADD PRIMARY KEY (`grade_id`);

--
-- Indexes for table `group_message`
--
ALTER TABLE `group_message`
  ADD PRIMARY KEY (`group_message_id`);

--
-- Indexes for table `group_message_thread`
--
ALTER TABLE `group_message_thread`
  ADD PRIMARY KEY (`group_message_thread_id`);

--
-- Indexes for table `invoice`
--
ALTER TABLE `invoice`
  ADD PRIMARY KEY (`invoice_id`);

--
-- Indexes for table `librarian`
--
ALTER TABLE `librarian`
  ADD PRIMARY KEY (`librarian_id`);

--
-- Indexes for table `mark`
--
ALTER TABLE `mark`
  ADD PRIMARY KEY (`mark_id`);

--
-- Indexes for table `message`
--
ALTER TABLE `message`
  ADD PRIMARY KEY (`message_id`);

--
-- Indexes for table `message_thread`
--
ALTER TABLE `message_thread`
  ADD PRIMARY KEY (`message_thread_id`);

--
-- Indexes for table `noticeboard`
--
ALTER TABLE `noticeboard`
  ADD PRIMARY KEY (`notice_id`);

--
-- Indexes for table `online_exam`
--
ALTER TABLE `online_exam`
  ADD PRIMARY KEY (`online_exam_id`);

--
-- Indexes for table `online_exam_result`
--
ALTER TABLE `online_exam_result`
  ADD PRIMARY KEY (`online_exam_result_id`);

--
-- Indexes for table `parent`
--
ALTER TABLE `parent`
  ADD PRIMARY KEY (`parent_id`);

--
-- Indexes for table `payment`
--
ALTER TABLE `payment`
  ADD PRIMARY KEY (`payment_id`);

--
-- Indexes for table `question_bank`
--
ALTER TABLE `question_bank`
  ADD PRIMARY KEY (`question_bank_id`);

--
-- Indexes for table `question_paper`
--
ALTER TABLE `question_paper`
  ADD PRIMARY KEY (`question_paper_id`);

--
-- Indexes for table `section`
--
ALTER TABLE `section`
  ADD PRIMARY KEY (`section_id`);

--
-- Indexes for table `settings`
--
ALTER TABLE `settings`
  ADD PRIMARY KEY (`settings_id`);

--
-- Indexes for table `student`
--
ALTER TABLE `student`
  ADD PRIMARY KEY (`student_id`);

--
-- Indexes for table `subject`
--
ALTER TABLE `subject`
  ADD PRIMARY KEY (`subject_id`);

--
-- Indexes for table `teacher`
--
ALTER TABLE `teacher`
  ADD PRIMARY KEY (`teacher_id`);

--
-- Indexes for table `transport`
--
ALTER TABLE `transport`
  ADD PRIMARY KEY (`transport_id`);

--
-- AUTO_INCREMENT for dumped tables
--

--
-- AUTO_INCREMENT for table `academic_syllabus`
--
ALTER TABLE `academic_syllabus`
  MODIFY `academic_syllabus_id` int(11) NOT NULL AUTO_INCREMENT;

--
-- AUTO_INCREMENT for table `accountant`
--
ALTER TABLE `accountant`
  MODIFY `accountant_id` int(11) NOT NULL AUTO_INCREMENT;

--
-- AUTO_INCREMENT for table `admin`
--
ALTER TABLE `admin`
  MODIFY `admin_id` int(11) NOT NULL AUTO_INCREMENT, AUTO_INCREMENT=2;

--
-- AUTO_INCREMENT for table `attendance`
--
ALTER TABLE `attendance`
  MODIFY `attendance_id` int(11) NOT NULL AUTO_INCREMENT;

--
-- AUTO_INCREMENT for table `book`
--
ALTER TABLE `book`
  MODIFY `book_id` int(11) NOT NULL AUTO_INCREMENT;

--
-- AUTO_INCREMENT for table `book_request`
--
ALTER TABLE `book_request`
  MODIFY `book_request_id` int(11) NOT NULL AUTO_INCREMENT;

--
-- AUTO_INCREMENT for table `class`
--
ALTER TABLE `class`
  MODIFY `class_id` int(11) NOT NULL AUTO_INCREMENT;

--
-- AUTO_INCREMENT for table `class_routine`
--
ALTER TABLE `class_routine`
  MODIFY `class_routine_id` int(11) NOT NULL AUTO_INCREMENT;

--
-- AUTO_INCREMENT for table `document`
--
ALTER TABLE `document`
  MODIFY `document_id` int(11) NOT NULL AUTO_INCREMENT;

--
-- AUTO_INCREMENT for table `dormitory`
--
ALTER TABLE `dormitory`
  MODIFY `dormitory_id` int(11) NOT NULL AUTO_INCREMENT;

--
-- AUTO_INCREMENT for table `enroll`
--
ALTER TABLE `enroll`
  MODIFY `enroll_id` int(11) NOT NULL AUTO_INCREMENT;

--
-- AUTO_INCREMENT for table `exam`
--
ALTER TABLE `exam`
  MODIFY `exam_id` int(11) NOT NULL AUTO_INCREMENT;

--
-- AUTO_INCREMENT for table `expense_category`
--
ALTER TABLE `expense_category`
  MODIFY `expense_category_id` int(11) NOT NULL AUTO_INCREMENT;

--
-- AUTO_INCREMENT for table `frontend_events`
--
ALTER TABLE `frontend_events`
  MODIFY `frontend_events_id` int(11) NOT NULL AUTO_INCREMENT;

--
-- AUTO_INCREMENT for table `frontend_gallery`
--
ALTER TABLE `frontend_gallery`
  MODIFY `frontend_gallery_id` int(11) NOT NULL AUTO_INCREMENT;

--
-- AUTO_INCREMENT for table `frontend_gallery_image`
--
ALTER TABLE `frontend_gallery_image`
  MODIFY `frontend_gallery_image_id` int(11) NOT NULL AUTO_INCREMENT;

--
-- AUTO_INCREMENT for table `frontend_general_settings`
--
ALTER TABLE `frontend_general_settings`
  MODIFY `frontend_general_settings_id` int(11) NOT NULL AUTO_INCREMENT, AUTO_INCREMENT=21;

--
-- AUTO_INCREMENT for table `frontend_news`
--
ALTER TABLE `frontend_news`
  MODIFY `frontend_news_id` int(11) NOT NULL AUTO_INCREMENT;

--
-- AUTO_INCREMENT for table `grade`
--
ALTER TABLE `grade`
  MODIFY `grade_id` int(11) NOT NULL AUTO_INCREMENT;

--
-- AUTO_INCREMENT for table `group_message`
--
ALTER TABLE `group_message`
  MODIFY `group_message_id` int(11) NOT NULL AUTO_INCREMENT;

--
-- AUTO_INCREMENT for table `group_message_thread`
--
ALTER TABLE `group_message_thread`
  MODIFY `group_message_thread_id` int(11) NOT NULL AUTO_INCREMENT;

--
-- AUTO_INCREMENT for table `invoice`
--
ALTER TABLE `invoice`
  MODIFY `invoice_id` int(11) NOT NULL AUTO_INCREMENT;

--
-- AUTO_INCREMENT for table `librarian`
--
ALTER TABLE `librarian`
  MODIFY `librarian_id` int(11) NOT NULL AUTO_INCREMENT;

--
-- AUTO_INCREMENT for table `mark`
--
ALTER TABLE `mark`
  MODIFY `mark_id` int(11) NOT NULL AUTO_INCREMENT;

--
-- AUTO_INCREMENT for table `message`
--
ALTER TABLE `message`
  MODIFY `message_id` int(11) NOT NULL AUTO_INCREMENT;

--
-- AUTO_INCREMENT for table `message_thread`
--
ALTER TABLE `message_thread`
  MODIFY `message_thread_id` int(11) NOT NULL AUTO_INCREMENT;

--
-- AUTO_INCREMENT for table `noticeboard`
--
ALTER TABLE `noticeboard`
  MODIFY `notice_id` int(11) NOT NULL AUTO_INCREMENT;

--
-- AUTO_INCREMENT for table `online_exam`
--
ALTER TABLE `online_exam`
  MODIFY `online_exam_id` int(11) UNSIGNED NOT NULL AUTO_INCREMENT;

--
-- AUTO_INCREMENT for table `online_exam_result`
--
ALTER TABLE `online_exam_result`
  MODIFY `online_exam_result_id` int(11) UNSIGNED NOT NULL AUTO_INCREMENT;

--
-- AUTO_INCREMENT for table `parent`
--
ALTER TABLE `parent`
  MODIFY `parent_id` int(11) NOT NULL AUTO_INCREMENT;

--
-- AUTO_INCREMENT for table `payment`
--
ALTER TABLE `payment`
  MODIFY `payment_id` int(11) NOT NULL AUTO_INCREMENT;

--
-- AUTO_INCREMENT for table `question_bank`
--
ALTER TABLE `question_bank`
  MODIFY `question_bank_id` int(11) UNSIGNED NOT NULL AUTO_INCREMENT;

--
-- AUTO_INCREMENT for table `question_paper`
--
ALTER TABLE `question_paper`
  MODIFY `question_paper_id` int(11) NOT NULL AUTO_INCREMENT;

--
-- AUTO_INCREMENT for table `section`
--
ALTER TABLE `section`
  MODIFY `section_id` int(11) NOT NULL AUTO_INCREMENT;

--
-- AUTO_INCREMENT for table `settings`
--
ALTER TABLE `settings`
  MODIFY `settings_id` int(11) NOT NULL AUTO_INCREMENT, AUTO_INCREMENT=37;

--
-- AUTO_INCREMENT for table `student`
--
ALTER TABLE `student`
  MODIFY `student_id` int(11) NOT NULL AUTO_INCREMENT;

--
-- AUTO_INCREMENT for table `subject`
--
ALTER TABLE `subject`
  MODIFY `subject_id` int(11) NOT NULL AUTO_INCREMENT;

--
-- AUTO_INCREMENT for table `teacher`
--
ALTER TABLE `teacher`
  MODIFY `teacher_id` int(11) NOT NULL AUTO_INCREMENT;

--
-- AUTO_INCREMENT for table `transport`
--
ALTER TABLE `transport`
  MODIFY `transport_id` int(11) NOT NULL AUTO_INCREMENT;
COMMIT;

/*!40101 SET CHARACTER_SET_CLIENT=@OLD_CHARACTER_SET_CLIENT */;
/*!40101 SET CHARACTER_SET_RESULTS=@OLD_CHARACTER_SET_RESULTS */;
/*!40101 SET COLLATION_CONNECTION=@OLD_COLLATION_CONNECTION */;
